virus_name,pdb_id,ligand,chain,atom_id,exact_atom,atom_type,x,y,z
Human immunodeficiency virus 1,3EKY,DR7,A,1519,CAA,C,20.734,23.475,9.232
Human immunodeficiency virus 1,3EKY,DR7,A,1520,OBI,O,21.081,24.853,9.39
Human immunodeficiency virus 1,3EKY,DR7,A,1521,CBK,C,21.596,25.358,10.648
Human immunodeficiency virus 1,3EKY,DR7,A,1523,N,N,21.805,26.666,10.72
Human immunodeficiency virus 1,3EKY,DR7,A,1525,CB,C,23.722,27.893,11.67
Human immunodeficiency virus 1,3EKY,DR7,A,1538,CAQ,C,18.133,26.061,10.616
Human immunodeficiency virus 1,3EKY,DR7,A,1539,CAU,C,18.321,26.471,11.937
Human immunodeficiency virus 1,3EKY,DR7,A,1552,NBF,N,18.379,34.866,16.528
Human immunodeficiency virus 1,3EKY,DR7,A,1553,CBL,C,18.572,35.453,17.696
Human immunodeficiency virus 1,3EKY,DR7,A,1555,OBJ,O,19.003,36.836,17.657
Human immunodeficiency virus 1,3EKY,DR7,A,1556,CAB,C,19.17,37.588,18.85
Human immunodeficiency virus 1,3EKY,DR7,A,1558,CBP,C,22.15,33.528,15.897
Human immunodeficiency virus 1,3EKY,DR7,A,1561,CAX,C,21.985,34.175,17.119
Human immunodeficiency virus 1,3EKY,DR7,A,1562,CAZ,C,21.95,35.568,17.19
Human immunodeficiency virus 1,3EKY,DR7,A,1564,CBR,C,22.034,37.841,16.125
Human immunodeficiency virus 1,3EKY,DR7,A,1566,CAR,C,21.304,39.971,15.24
Human immunodeficiency virus 1,3EKY,DR7,A,1567,CAO,C,21.946,40.614,16.295
Human immunodeficiency virus 1,3EKY,DR7,A,1568,CAS,C,22.614,39.845,17.247
Human immunodeficiency virus 1,3EKY,DR7,A,1569,NBD,N,22.639,38.5,17.146
Human immunodeficiency virus 1,3EKY,DR7,A,1519,CAA,C,20.734,23.475,9.232
Human immunodeficiency virus 1,3EKY,DR7,A,1520,OBI,O,21.081,24.853,9.39
Human immunodeficiency virus 1,3EKY,DR7,A,1521,CBK,C,21.596,25.358,10.648
Human immunodeficiency virus 1,3EKY,DR7,A,1523,N,N,21.805,26.666,10.72
Human immunodeficiency virus 1,3EKY,DR7,A,1525,CB,C,23.722,27.893,11.67
Human immunodeficiency virus 1,3EKY,DR7,A,1538,CAQ,C,18.133,26.061,10.616
Human immunodeficiency virus 1,3EKY,DR7,A,1539,CAU,C,18.321,26.471,11.937
Human immunodeficiency virus 1,3EKY,DR7,A,1552,NBF,N,18.379,34.866,16.528
Human immunodeficiency virus 1,3EKY,DR7,A,1553,CBL,C,18.572,35.453,17.696
Human immunodeficiency virus 1,3EKY,DR7,A,1555,OBJ,O,19.003,36.836,17.657
Human immunodeficiency virus 1,3EKY,DR7,A,1556,CAB,C,19.17,37.588,18.85
Human immunodeficiency virus 1,3EKY,DR7,A,1558,CBP,C,22.15,33.528,15.897
Human immunodeficiency virus 1,3EKY,DR7,A,1561,CAX,C,21.985,34.175,17.119
Human immunodeficiency virus 1,3EKY,DR7,A,1562,CAZ,C,21.95,35.568,17.19
Human immunodeficiency virus 1,3EKY,DR7,A,1564,CBR,C,22.034,37.841,16.125
Human immunodeficiency virus 1,3EKY,DR7,A,1566,CAR,C,21.304,39.971,15.24
Human immunodeficiency virus 1,3EKY,DR7,A,1567,CAO,C,21.946,40.614,16.295
Human immunodeficiency virus 1,3EKY,DR7,A,1568,CAS,C,22.614,39.845,17.247
Human immunodeficiency virus 1,3EKY,DR7,A,1569,NBD,N,22.639,38.5,17.146
